{
  "listOfParks": [
    {
      "parkName": "Acadia NP",
      "parkFullName": "Acadia National Park",
      "parkCode": "acad",
      "latitude": 44.3962,
      "longitude": -68.2246
    },
    {
      "parkName": "Cuyahoga Valley NP",
      "parkFullName": "Cuyahoga Valley National Park",
      "parkCode": "cuva",
      "latitude": 41.0969,
      "longitude": -81.4611
    },
    {
      "parkName": "Great Smoky Mountains NP",
      "parkFullName": "Great Smoky Mountains National Park",
      "parkCode": "grsm",
      "latitude": 35.726,
      "longitude": -83.482
    },
    {
      "parkName": "Mammoth Cave NP",
      "parkFullName": "Mammoth Cave National Park",
      "parkCode": "maca",
      "latitude": 37.1246,
      "longitude": -86.0968
    },
    {
      "parkName": "New River Gorge NP",
      "parkFullName": "New River Gorge National Park",
      "parkCode": "neri",
      "latitude": 37.9263,
      "longitude": -81.1547
    },
    {
      "parkName": "Shenandoah NP",
      "parkFullName": "Shenandoah National Park",
      "parkCode": "shen",
      "latitude": 38.6633,
      "longitude": -78.4635
    }
  ]
}